,AAI,AEX,AF,AGN,AH,AHA,AI,AKZ,AL1,ASL,ASM,ATO,AVH,BAM,BAR,BB,BEK,BN,BNP,BOS,BXF,CA,CAP,CDI,CNP,CO,COL,CS,CSM,DEL,DG,DSM,DSY,EAD,EF,EN,EO,EX,FCE,FG,FP,FR,FTE,FUR,GBL,GLE,HEI,HEY,HO,IE,IHC,ING,KBC,KER,KPN,MC,ML,MMB,MMT,MOB,OR,ORD,PHI,PNL,PUB,RD,REN,RF,RI,RND,RNO,SAN,SGO,SOL,STM,SU,SW,TEC,TF1,TMS,UCB,UG,UL,UMC,UN,VIE,VK,VPK,WHV,WKL
PB1,0.0,0.0,0.0,0.0,0.0,0.0,0.0,0.0,0.0,0.0,0.0,0.0,0.0,0.0,0.0,0.0,0.0,0.0,0.0,0.0,0.0,0.0,0.0,0.0,0.0,0.0,0.0,0.0,0.0,0.0,0.0,0.0,0.0,0.0,0.0,0.0,0.0,0.0,-150.0,0.0,0.0,0.0,0.0,0.0,0.0,0.0,0.0,0.0,0.0,0.0,0.0,0.0,0.0,0.0,0.0,0.0,0.0,0.0,0.0,0.0,0.0,0.0,0.0,0.0,0.0,0.0,0.0,0.0,0.0,0.0,0.0,0.0,0.0,0.0,0.0,0.0,0.0,0.0,0.0,0.0,0.0,0.0,0.0,0.0,0.0,0.0,0.0,0.0,0.0,0.0
PB2,0.0,600.0,0.0,0.0,0.0,0.0,0.0,0.0,0.0,0.0,0.0,0.0,0.0,0.0,0.0,0.0,0.0,0.0,0.0,0.0,0.0,0.0,0.0,0.0,0.0,0.0,0.0,0.0,0.0,0.0,0.0,0.0,0.0,0.0,0.0,0.0,0.0,0.0,-90.0,0.0,0.0,0.0,0.0,0.0,0.0,0.0,0.0,0.0,0.0,0.0,0.0,0.0,0.0,0.0,0.0,0.0,0.0,0.0,0.0,0.0,0.0,0.0,0.0,0.0,0.0,0.0,0.0,0.0,0.0,0.0,0.0,0.0,0.0,0.0,0.0,0.0,0.0,0.0,0.0,0.0,0.0,0.0,0.0,0.0,0.0,0.0,0.0,0.0,0.0,0.0
PB3,0.0,-1200.0,0.0,0.0,0.0,0.0,0.0,0.0,0.0,0.0,0.0,0.0,0.0,0.0,0.0,0.0,0.0,0.0,0.0,0.0,0.0,0.0,0.0,0.0,0.0,0.0,0.0,0.0,0.0,0.0,0.0,0.0,0.0,0.0,0.0,0.0,0.0,0.0,390.0,0.0,0.0,0.0,0.0,0.0,0.0,0.0,0.0,0.0,0.0,0.0,0.0,0.0,0.0,0.0,0.0,0.0,0.0,0.0,0.0,0.0,0.0,0.0,0.0,0.0,0.0,0.0,0.0,0.0,0.0,0.0,0.0,0.0,0.0,0.0,0.0,0.0,0.0,0.0,0.0,0.0,0.0,0.0,0.0,0.0,0.0,0.0,0.0,0.0,0.0,0.0
PB4,0.0,116200.0,0.0,0.0,0.0,0.0,-200.232,0.0,0.0,0.0,0.0,0.0,0.0,0.0,0.0,0.0,0.0,0.0,0.0,0.0,0.0,0.0,0.0,0.0,0.0,0.0,0.0,0.0,0.0,0.0,0.0,0.0,0.0,0.0,0.0,0.0,0.0,0.0,46390.0,0.0,-112.6,0.0,0.0,0.0,0.0,0.0,0.0,0.0,0.0,0.0,0.0,0.0,0.0,0.0,0.0,364.7,0.0,0.0,0.0,0.0,0.0,0.0,0.0,0.0,0.0,-420.0,0.0,0.0,0.0,0.0,0.0,0.0,0.0,0.0,0.0,0.0,0.0,0.0,0.0,0.0,0.0,0.0,0.0,0.0,0.0,0.0,0.0,0.0,0.0,0.0
PB5,2913.25,200149.546,62689.56,1251773.09,220357.6,0.0,521.7448,34769.11,0.0,51224.8981,35370.88,60.38,388.16,318780.72,-42.44,0.0,-3537.92,56730.05,2678.1,25288.18,-179.556,122723.75,-982.15,96.69,0.0,36.33,2693.12,74003.61,-9685.0086,43738.51,3215.75,78706.22,350.4,23327.87,0.0,0.0,0.0,27870.74,82409.4,0.0,27721.35,-476.13,4090.15,59267.71,-1347.73,46119.35,27418.78,29153.67,-303.25,0.0,75091.7,1884803.0,13471.1,50.46,650400.8095,715.01,240.0,-22.72,0.0,-1040.68,-150.9,29041.67,-30836.12,1695977.28,0.0,1296232.93,-106786.9774,53.1,0.0,82388.64,758.85,33753.89,32883.18,40520.98,-35159.6,849.0,45.12,322.46,0.0,0.0,4651.92,8907.06,2564.61,-8852.76,157406.06,-174.95,23508.6628,3601.46,50772.03,-175655.6
PB6,0.0,-50902.05,0.0,21392.0,0.0,0.0,497.5827,0.0,0.0,-28527.66,0.0,0.0,0.0,0.0,0.0,0.0,0.0,-67260.0,-78109.4,0.0,0.0,1438.56,5190.82,0.0,0.0,0.0,0.0,14012.51,0.0,0.0,0.0,0.0,0.0,31225.95,0.0,0.0,5459.99,3834.6,-61209.92,0.0,-70599.21,1246.02,4244.39,0.0,0.0,0.0,0.0,0.0,0.0,0.0,-293.0,-194700.7,0.0,-1127.85,26730.1,2387.16,1576.5,0.0,0.0,0.0,0.0,0.0,-80040.0,0.0,0.0,2558.0,0.0,0.0,0.0,0.0,-43072.0,-25463.88,1372.6,0.0,30071.7,0.0,0.0,0.0,0.0,0.0,0.0,22410.4,0.0,0.0,-81240.0,20247.5,0.0,0.0,0.0,0.0
PB7,0.0,-2157039.19,1522.9,1073.65,8767.9,-8713.46,-115792.8315,624.16,0.0,-12244.33,0.0,-12314.76,101.4,-51948.0,0.0,0.0,25929.58,202.27,-18322.838,0.0,90.0,189358.86,-23285.995,-1020.84,0.0,1855.92,-332.4,-248191.947,-1523.0,0.0,2554.839,142.6,-38386.7,27197.302,-609.8,-54747.19,-23.2,40938.58,-463293.67,0.0,213.88,-12968.55,-386144.61,0.0,-2782.9,1123.404,0.0,0.0,10426.96,0.0,-1438.97,7964.0,39588.29,-14243.25,1011636.197,-939.46,-45678.58,409.62,0.0,0.0,-1498.44,0.0,-134.18,0.0,13188.04,-56079.65,0.0,-19090.0,-47.91,1402.1,14287.52,-938.712,-36201.21,-2773.65,0.0,-4076.45,361.5,-67084.579,0.0,550.9,157.63,27948.61,-64.91,-66433.73,-1289.58,959.5,180808.694,0.0,0.0,0.0
PB8,0.0,19600.0,0.0,0.0,0.0,0.0,0.0,0.0,0.0,0.0,0.0,0.0,0.0,0.0,0.0,0.0,0.0,0.0,0.0,0.0,0.0,0.0,0.0,0.0,0.0,0.0,0.0,-7972.0,0.0,0.0,442.09,0.0,0.0,0.0,0.0,0.0,0.0,0.0,3323.065,0.0,0.0,0.0,0.0,0.0,0.0,446.0,0.0,0.0,0.0,0.0,-49.0,0.0,0.0,0.0,5336.1,401.64,0.0,0.0,0.0,0.0,0.0,0.0,-439.86,0.0,9253.2,0.0,0.0,0.0,0.0,0.0,0.0,-9604.65,0.0,0.0,0.0,19577.25,0.0,0.0,0.0,0.0,0.0,0.0,0.0,0.0,6820.8,0.0,0.0,0.0,0.0,0.0
PB9,0.0,0.0,0.0,0.0,0.0,0.0,0.0,0.0,0.0,0.0,0.0,0.0,80.87,0.0,-5719.97,0.0,5353.62,0.0,0.0,0.0,0.0,0.0,0.0,0.0,0.0,0.0,-552.75,0.0,0.0,-1998.11,0.0,0.0,0.0,0.0,0.0,0.0,0.0,0.0,0.0,0.0,0.0,0.0,0.0,0.0,-999.14,0.0,0.0,0.0,0.0,0.0,0.0,0.0,855.09,0.0,0.0,0.0,0.0,0.0,0.0,63.44,0.0,0.0,0.0,0.0,0.0,0.0,0.0,0.0,0.0,0.0,0.0,0.0,0.0,-1725.32,0.0,0.0,0.0,0.0,0.0,0.0,2663.49,0.0,0.0,-966.65,0.0,0.0,0.0,0.0,0.0,0.0
PB10,0.0,304.62,0.0,2860.18,36.1,0.0,-93.2356,0.0,0.0,0.0,0.0,0.0,-35.62,0.0,0.0,0.0,0.0,0.0,736.08,64.35,0.0,0.0,0.0,0.0,0.0,0.0,16.53,192.5,0.0,-459.04,0.0,0.0,0.0,0.0,0.0,-243.76,0.0,0.0,-224.412,0.0,0.0,-543.06,0.0,0.0,0.0,0.0,0.0,0.0,0.0,0.0,0.0,38764.3,-505.52,0.0,5331.174,0.0,-25.79,0.0,0.0,-1184.7,0.0,0.0,-271.28,0.0,0.0,4527.16,0.0,0.0,0.0,0.0,61.95,128.58,0.0,-3026.35,0.0,0.0,0.0,0.0,0.0,0.0,223.42,0.0,0.0,38881.08,0.0,0.0,0.0,0.0,445.65,0.0
PB11,-515.5,-1322.081,-1304.9,66120.53,9324.5,16.82,140.3684,-1051.51,0.0,1759.13,189.29,8.9,-883.16,6727.94,-37.99,33.2928,-2447.95,543.87,3935.5,-1650.91,0.0,1834.61,-38.08,0.0,-112.5,2700.83,841.67,3789.05,0.0,-3175.81,813.56,3017.39,8.65,1983.31,286.29,-10235.36,-257.44,485.68,-17.214,0.0,587.23,1.67,3065.13,19209.41,1171.8,300.14,-23.07,-74.4,0.0,0.0,2206.0,102822.38,2500.43,0.0,26965.0104,234.12,304.25,0.0,0.0,-533.48,2.36,1335.71,3657.37,305.61,0.0,21248.62,9498.365,0.0,0.0,1107.38,73.56,2195.54,158.31,243.04,0.0,-679.82,0.0,629.88,0.0,-5225.8,1693.12,386.78,303.27,-2167.1,1111.11,-489.44,5708.6094,357.74,-522.41,433.2
PB12,-1202.06,36438.35,35833.49,730249.52,-192772.47,0.0,644.9757,-22913.34,0.0,11853.82,33057.53,0.0,0.0,340893.84,0.0,0.0,0.0,-15193.08,-141.12,24686.06,0.0,2844.63,0.0,0.0,0.0,2564.48,-159.48,-8353.91,-17872.0252,0.0,-3814.45,-132349.35,0.0,249.65,197.2,0.0,0.0,6871.94,87.78,0.0,-2095.49,0.0,-3642.29,55479.62,0.0,4361.56,6145.15,36693.65,0.0,-3618.0,68963.45,441501.66,713.9,0.0,914478.3938,200.76,-9396.54,0.0,0.0,0.0,0.0,-24615.8,-276510.52,210622.32,-7491.85,449459.02,-79866.8534,0.0,0.0,86443.66,86.43,9860.73,-3235.4,-2760.65,-731.04,-975.75,0.0,0.0,0.0,0.0,0.0,-7012.2,254.2,0.0,-177631.67,-187.95,0.0,-10683.1,2824.3,-11935.08
PB13,0.0,2245.16,110013.8,728748.03,45199.02,0.0,0.0,-2540.16,0.0,6972.0377,0.0,0.0,0.0,256997.29,0.0,0.0,0.0,0.0,0.0,1554.54,0.0,0.0,0.0,0.0,0.0,0.0,0.0,0.0,0.0,0.0,0.0,13115.64,0.0,0.0,0.0,0.0,0.0,0.0,0.0,0.0,0.0,0.0,0.0,20059.0,0.0,0.0,5177.1,594.11,0.0,0.0,55138.55,326653.63,0.0,0.0,788024.268,0.0,0.0,0.0,0.0,0.0,0.0,3386.6,60656.33,40522.48,0.0,536452.4,4842.0788,0.0,0.0,-322.4,0.0,0.0,0.0,0.0,0.0,0.0,0.0,0.0,0.0,0.0,0.0,0.0,-1387.76,0.0,-44203.01,0.0,0.0,0.0,88.64,-527.16
PB14,12569.61,153403.37,129754.98,2407498.39,171352.28,0.0,0.0,50116.72,0.0,60679.1894,46463.8,0.0,0.0,703108.08,0.0,0.0,0.0,0.0,0.0,41776.89,0.0,0.0,0.0,0.0,0.0,0.0,0.0,0.0,-5675.4514,5324.89,0.0,-4645.71,0.0,0.0,0.0,0.0,0.0,0.0,0.0,0.0,0.0,0.0,0.0,93361.16,-466.05,0.0,27066.29,29564.36,0.0,0.0,126344.72,2594533.1,548.23,0.0,1379322.72,0.0,0.0,0.0,0.0,393.8,0.0,-74784.68,-26593.95,448492.52,0.0,1377198.45,339.3812,0.0,0.0,194497.43,0.0,0.0,0.0,0.0,0.0,0.0,0.0,0.0,0.0,0.0,0.0,0.0,4725.27,0.0,23769.17,0.0,0.0,1846.56,40472.11,-7779.2
PB15,2782.3,-1208971.23,29399.0,1313305.13,-23337.63,40966.2,-86869.7262,-12350.37,0.0,-5454.54,-1360.7,8.45,288.95,341733.65,-159.27,0.0,-656.6,-169336.7,32737.24,38891.7,0.0,12478.67,1788.9,0.0,0.0,10771.32,0.0,50765.09,955.15,-1372.845,103492.09,122071.97,-1194.4,35525.95,-2180.1,33863.68,538.1,101954.1,-48368.824,0.0,291394.42,-140.41,88807.08,141339.18,-1250.91,60942.81,162.74,7916.42,-1059.2,0.0,62734.43,1084838.71,2458.13,-1131.26,292745.6951,2680.14,-79627.72,-6604.2,0.0,-633.92,65207.31,8598.0,548108.31,-121702.98,0.0,1342202.27,-8755.362,0.0,-2201.34,33973.45,32389.63,-21522.82,3267.19,-8121.19,-5497.0,14393.05,-89.1,-3467.19,1251.81,0.0,1538.0,131575.18,3630.68,-771.52,-106313.14,-2151.25,259148.0946,769.43,11373.11,0.0
PB16,0.0,77464.69,0.0,0.0,0.0,-39829.4,0.0,0.0,0.0,13950.0,0.0,0.0,0.0,0.0,0.0,0.0,0.0,-51618.0,31468.5,0.0,0.0,18767.5,2143.26,0.0,0.0,0.0,0.0,-157269.5,0.0,0.0,0.0,0.0,0.0,-44016.0,-15776.0,0.0,0.0,152226.0,1073.678,0.0,43638.03,0.0,21534.4,0.0,0.0,235786.75,27018.0,0.0,0.0,0.0,0.0,-564776.9,13068.0,-9971.0,43596.0,-2443.65,-8084.0,0.0,0.0,0.0,-42909.06,0.0,-502018.38,0.0,1212.0,-447280.97,-875.0,0.0,-2284.0,0.0,48379.5,-45370.12,0.0,0.0,0.0,0.0,0.0,0.0,0.0,0.0,0.0,0.0,0.0,0.0,-348755.61,-592037.24,0.0,0.0,0.0,0.0
PB17,0.0,0.0,0.0,0.0,0.0,0.0,0.0,0.0,0.0,0.0,0.0,0.0,0.0,0.0,0.0,0.0,0.0,0.0,0.0,0.0,0.0,0.0,0.0,0.0,0.0,0.0,0.0,0.0,0.0,0.0,0.0,0.0,0.0,0.0,0.0,0.0,0.0,0.0,-181.11,0.0,0.0,0.0,0.0,0.0,0.0,0.0,0.0,0.0,0.0,0.0,0.0,0.0,0.0,0.0,0.0,0.0,0.0,0.0,0.0,0.0,0.0,0.0,0.0,0.0,0.0,0.0,0.0,0.0,0.0,0.0,0.0,0.0,0.0,0.0,0.0,0.0,0.0,0.0,0.0,0.0,0.0,0.0,0.0,0.0,0.0,0.0,0.0,0.0,0.0,0.0
PB18,0.0,0.0,0.0,0.0,0.0,0.0,0.0,0.0,0.0,0.0,0.0,0.0,0.0,0.0,0.0,0.0,0.0,0.0,0.0,0.0,0.0,0.0,0.0,0.0,0.0,0.0,0.0,0.0,0.0,0.0,0.0,0.0,0.0,0.0,0.0,0.0,0.0,0.0,920.0,0.0,0.0,0.0,0.0,0.0,0.0,0.0,0.0,0.0,0.0,0.0,0.0,0.0,0.0,0.0,0.0,0.0,0.0,0.0,0.0,0.0,0.0,0.0,0.0,0.0,0.0,0.0,0.0,0.0,0.0,0.0,0.0,0.0,0.0,0.0,0.0,0.0,0.0,0.0,0.0,0.0,0.0,0.0,0.0,0.0,0.0,0.0,0.0,0.0,0.0,0.0
PB19,-64.62,62882.988,12367.45,111065.57,25473.11,675.28,396.8457,1772.9,0.0,5819.0308,136.53,-0.1,82.12,46237.1,15.0,0.0,-407.92,506.75,-100.425,2240.16,-28.201,510.53,53.24,53.86,0.0,279.62,148.63,9860.4,-767.44,771.705,-514.99,2926.68,6.1,1422.49,0.0,-1872.08,-810.68,344.5,1722.195,0.0,2579.01,-189.84,4641.9,12631.23,2633.88,1745.905,1794.58,11822.07,131.51,0.0,20320.48,160100.56,-1728.62,104.66,47276.5758,621.228,126.45,14.66,0.0,136.4,618.41,-5516.43,5345.65,23408.55,-254.81,209022.65,4651.0148,0.0,532.08,10315.03,560.12,701.0,-232.7,1469.48,-169.67,-1225.96,0.0,46.28,0.0,0.0,194.3,116.52,2735.68,244.1,354.64,175.65,6563.265,-866.79,-70.2,143.76
PB20,-39084.54,79986.809,38579.1,-383642.55,-167156.15,-5345.88,1900.5639,-37433.05,0.0,-22125.03,1547.03,0.0,-7936.11,0.0,0.0,0.0,-2438.95,-65265.47,-107799.43,-26150.32,-163.212,-46645.63,-15800.34,0.0,-22817.65,0.0,-5083.08,15058.17,0.0,0.0,-15852.57,7893.81,-3230.98,-18617.05,-7757.25,-3500.43,0.0,-6061.32,3319.338,0.0,20804.06,0.0,-61248.76,0.0,4302.11,-66590.6,-48979.71,0.0,-1170.7,0.0,-68436.37,-533106.96,-30571.39,0.0,-295548.1174,-4325.09,-13152.38,0.0,0.0,0.0,-10117.85,0.0,-209001.45,0.0,0.0,-70248.24,-70386.2544,0.0,0.0,-33703.11,-11961.69,-33268.55,-55138.15,672.18,16311.6,-63234.52,-5509.04,2297.57,0.0,0.0,0.0,-23069.38,-23686.92,-8950.49,-294366.23,-40212.74,0.0,-30113.14,-14046.65,-23822.37
PB21,0.0,67800.0,0.0,0.0,0.0,548.8,138.5968,0.0,0.0,0.0,0.0,-299.25,0.0,0.0,0.0,0.0,0.0,0.0,1071.0,0.0,0.0,1277.55,0.0,0.0,0.0,0.0,0.0,600.0,0.0,0.0,0.0,0.0,0.0,1121.0,811.1,0.0,0.0,0.0,-9761.134,0.0,15698.48,0.0,133696.75,0.0,0.0,-63565.86,0.0,0.0,0.0,0.0,0.0,18712.05,0.0,0.0,0.0,636.84,653.25,0.0,0.0,0.0,8036.0,0.0,-1321.32,0.0,0.0,13097.08,0.0,0.0,0.0,0.0,0.0,2340.59,0.0,0.0,0.0,-420.77,0.0,0.0,0.0,0.0,0.0,2590.0,0.0,0.0,1922.68,0.0,0.0,0.0,0.0,0.0
PB22,0.0,0.0,28885.5,0.0,0.0,-45990.0,4533.648,0.0,0.0,-3.19,0.0,0.0,0.0,0.0,0.0,0.0,0.0,21910.0,-87425.0,0.0,0.0,316071.5,0.0,0.0,0.0,6857.5,0.0,0.0,0.0,0.0,-6923.9,-1299.0,0.0,110712.5,0.0,0.0,0.0,0.0,-137828.754,0.0,422908.0,0.0,0.0,0.0,0.0,-27084.0,-2299.3,0.0,0.0,0.0,0.0,-471645.0,0.0,0.0,1770.8,12800.5,0.0,0.0,0.0,0.0,0.0,0.0,68325.0,0.0,0.0,114805.0,0.0,0.0,0.0,0.0,0.0,10636.0,0.0,0.0,0.0,0.0,0.0,0.0,0.0,0.0,0.0,0.0,0.0,0.0,5713.0,0.0,0.0,0.0,0.0,0.0
PB23,0.0,95403.57,0.0,0.0,0.0,0.0,0.0,0.0,0.0,0.0,0.0,0.0,0.0,0.0,0.0,0.0,0.0,0.0,0.0,0.0,0.0,0.0,0.0,0.0,0.0,0.0,0.0,0.0,0.0,0.0,0.0,0.0,0.0,0.0,0.0,0.0,0.0,0.0,-47.519,0.0,0.0,0.0,0.0,0.0,0.0,0.0,0.0,0.0,0.0,0.0,0.0,0.0,0.0,0.0,0.0,0.0,0.0,0.0,0.0,0.0,0.0,0.0,0.0,0.0,0.0,0.0,0.0,0.0,0.0,0.0,0.0,0.0,0.0,0.0,0.0,0.0,0.0,0.0,0.0,0.0,0.0,0.0,0.0,0.0,0.0,0.0,0.0,0.0,0.0,0.0
PB24,0.0,101729.6,0.0,0.0,0.0,0.0,0.0,0.0,0.0,0.0,0.0,0.0,0.0,0.0,0.0,0.0,0.0,0.0,0.0,0.0,0.0,0.0,0.0,0.0,0.0,0.0,0.0,0.0,0.0,0.0,0.0,0.0,0.0,0.0,0.0,0.0,0.0,0.0,22470.0,0.0,0.0,0.0,0.0,0.0,0.0,-270.98,0.0,0.0,0.0,0.0,0.0,0.0,0.0,-993.14,0.0,0.0,-593.5,0.0,0.0,0.0,190.2,0.0,0.0,0.0,0.0,0.0,0.0,0.0,0.0,0.0,0.0,0.0,0.0,0.0,0.0,658.5,0.0,0.0,0.0,0.0,0.0,0.0,0.0,0.0,0.0,0.0,0.0,0.0,0.0,0.0
PB25,0.0,0.0,0.0,0.0,0.0,0.0,0.0,0.0,0.0,0.0,0.0,0.0,0.0,0.0,0.0,0.0,0.0,0.0,0.0,0.0,0.0,0.0,0.0,0.0,0.0,0.0,0.0,0.0,0.0,0.0,0.0,0.0,0.0,0.0,0.0,0.0,0.0,0.0,1502.07,0.0,0.0,0.0,0.0,0.0,0.0,0.0,0.0,0.0,0.0,0.0,0.0,0.0,0.0,0.0,0.0,0.0,0.0,0.0,0.0,0.0,0.0,0.0,0.0,0.0,0.0,0.0,0.0,0.0,0.0,0.0,0.0,0.0,0.0,0.0,0.0,0.0,0.0,0.0,0.0,0.0,0.0,0.0,0.0,0.0,0.0,0.0,0.0,0.0,0.0,0.0
PB26,0.0,0.0,0.0,0.0,0.0,0.0,0.0,0.0,0.0,0.0,0.0,0.0,0.0,0.0,0.0,0.0,0.0,0.0,0.0,0.0,0.0,0.0,0.0,0.0,0.0,0.0,0.0,0.0,0.0,0.0,0.0,0.0,0.0,0.0,0.0,0.0,0.0,0.0,-60.0,0.0,0.0,0.0,0.0,0.0,0.0,0.0,0.0,0.0,0.0,0.0,0.0,0.0,0.0,0.0,0.0,0.0,0.0,0.0,0.0,0.0,0.0,0.0,0.0,0.0,0.0,0.0,0.0,0.0,0.0,0.0,0.0,0.0,0.0,0.0,0.0,0.0,0.0,0.0,0.0,0.0,0.0,0.0,0.0,0.0,0.0,0.0,0.0,0.0,0.0,0.0
PB27,0.0,805.0,0.0,0.0,50220.0,0.0,0.0,0.0,0.0,0.0,0.0,0.0,0.0,0.0,0.0,0.0,0.0,47040.0,69690.0,0.0,0.0,-515755.0,0.0,0.0,0.0,0.0,0.0,844910.0,0.0,0.0,0.0,0.0,0.0,66232.5,0.0,-299325.0,0.0,0.0,2991.85,0.0,-4165.0,0.0,0.0,0.0,0.0,-157790.0,0.0,0.0,0.0,0.0,0.0,-397485.0,0.0,-4042.5,0.0,-29469.0,0.0,0.0,0.0,0.0,0.0,0.0,60195.0,0.0,0.0,-97761.49,0.0,0.0,1170.0,0.0,0.0,108750.0,0.0,0.0,0.0,0.0,0.0,0.0,0.0,0.0,0.0,0.0,0.0,0.0,-2762.5,-128150.0,0.0,0.0,0.0,0.0
PB28,0.0,6787.59,940000.0,320565.3,466.6,25880.0,-111.24,1385.72,2.5,0.0,0.0,0.0,0.0,-11758.08,0.0,0.0,0.0,-110782.99,31286.3,0.0,0.0,102074.41,0.0,0.0,0.0,6336.45,0.0,22716.98,0.0,0.0,0.0,-671.02,0.0,-348775.33,-33.51,544.5,0.0,14527.46,-51058.912,0.0,-62845.76,256.2,83001.2,4262.0,0.0,-60205.86,1041.8,89532.0,0.0,0.0,0.0,293460.5,0.0,0.0,877635.8836,30815.53,-339.69,0.0,0.0,0.0,1254.44,0.0,-25674.58,93090.0,48.79,223063.7,0.0,0.0,939.92,159.0,-48403.0,51714.91,10386.85,5.3,0.0,-24418.57,0.0,0.0,0.0,0.0,0.0,-3579.75,32979.44,-109.55,1306.92,0.0,843566.548,0.0,0.0,0.0
PB29,0.0,0.0,0.0,0.0,0.0,0.0,0.0,0.0,0.0,0.0,0.0,0.0,0.0,0.0,0.0,0.0,0.0,0.0,0.0,0.0,0.0,0.0,0.0,0.0,0.0,0.0,0.0,0.0,0.0,0.0,0.0,0.0,0.0,0.0,0.0,0.0,0.0,0.0,670.0,0.0,0.0,0.0,0.0,0.0,0.0,0.0,0.0,0.0,0.0,0.0,0.0,0.0,0.0,0.0,0.0,0.0,0.0,0.0,0.0,0.0,0.0,0.0,0.0,0.0,0.0,0.0,0.0,0.0,0.0,0.0,0.0,0.0,0.0,0.0,0.0,0.0,0.0,0.0,0.0,0.0,0.0,0.0,0.0,0.0,0.0,0.0,0.0,0.0,0.0,0.0
PB30,0.0,1446.91,0.0,33.48,485.76,0.0,0.0,0.0,0.0,0.0,0.0,0.0,0.0,0.0,0.0,0.0,0.0,0.0,0.0,0.0,0.0,-529.62,0.0,0.0,0.0,0.0,0.0,0.0,0.0,0.0,0.0,0.0,0.0,0.0,0.0,0.0,0.0,0.0,-106.089,0.0,-186.9,0.0,0.0,0.0,0.0,0.0,0.0,0.0,0.0,0.0,0.0,124.5,0.0,0.0,0.0,0.0,0.0,0.0,0.0,0.0,0.0,0.0,0.0,0.0,0.0,249.2,0.0,0.0,0.0,0.0,0.0,-59.22,0.0,0.0,0.0,0.0,0.0,0.0,0.0,0.0,0.0,0.0,0.0,0.0,-15146.0,0.0,0.0,0.0,0.0,0.0
PB31,0.0,0.0,0.0,0.0,0.0,0.0,0.0,0.0,0.0,0.0,0.0,0.0,0.0,0.0,0.0,0.0,0.0,0.0,6210.0,0.0,0.0,0.0,0.0,0.0,0.0,0.0,0.0,38805.0,0.0,0.0,0.0,0.0,0.0,0.0,0.0,0.0,0.0,0.0,20.0,0.0,23350.07,0.0,-246234.0,0.0,0.0,-1010.0,0.0,0.0,0.0,0.0,0.0,0.0,0.0,0.0,0.0,30044.0,0.0,0.0,0.0,0.0,-177.0,0.0,0.0,0.0,0.0,-39274.0,0.0,0.0,0.0,0.0,-20.32,-10337.49,0.0,0.0,0.0,0.0,0.0,0.0,0.0,0.0,0.0,0.0,0.0,0.0,-14580.0,0.0,0.0,0.0,0.0,0.0
PB32,-1297.6,128328.14,147000.0,-24432.08,2127.64,-1256.65,-8682.407,0.0,0.0,479.02,801.0,0.0,127.38,-2612.8,292.12,0.0,0.0,1232.36,-2055.14,-1.68,0.0,3606.01,-152.6,0.0,0.0,125.44,-54.15,5449.02,-1344.004,1974.8125,-8989.44,1717.94,0.0,1159.43,8644.95,-3749.28,0.0,1064.86,197869.045,0.0,-18649.58,0.0,506.0,996.53,0.0,-1206.75,-22378.7,0.0,0.0,0.0,-1895.5,52510.26,2017.34,-382.7,-267563.528,13957.55,4496.09,0.0,0.0,0.0,-7403.98,0.0,-6971.8,0.0,-440.2,102636.66,-5838.84,0.0,0.0,1316.7,11957.08,-97.77,-184.98,-5122.76,0.0,-3423.95,0.0,-37.1,-121.7475,0.0,3726.98,687.44,0.0,-822.8,54967.2,-2282.0,30376.1076,0.0,1169.01,0.0
PB33,0.0,256800.0,-14735.74,-159880.07,-42730.6,-3832.1,686.8349,10404.71,-2.5,7125.32,0.0,1967.66,0.0,-17733.37,0.0,0.0,0.0,-15963.21,63760.67,-2245.2,0.0,30514.82,1290.26,891.34,711.75,54722.57,0.0,-61753.54,0.0,0.0,18.91,5819.46,2389.97,62586.95,-3187.79,8782.98,620.09,124405.0,18213.695,0.0,315735.07,-170.17,543835.98,-18506.01,0.0,167544.0,-18184.79,0.0,167.44,0.0,12174.55,1618034.03,-84.02,496.36,4694.686,-1336.79,2029.09,-996.2,-6789.65,0.0,-13199.0,0.0,105316.01,-39907.68,810.75,61641.34,1217.3,0.0,-6490.04,33.14,-5372.72,35073.65,2481.04,-4517.86,289470.16,2134.42,-18.96,-2338.22,1100.5655,2084.49,-455.1,136366.19,1647.0,0.0,7232.06,65104.17,-5139.5586,0.0,-1744.44,6781.12
PB34,0.0,89798.5,0.0,150.0,-78150.0,-39360.0,-11743.3287,0.0,0.0,-27474.65,0.0,0.0,0.0,0.0,0.0,0.0,0.0,-79383.12,-72026.82,0.0,0.0,-826535.1,105139.66,0.0,0.0,259.41,0.0,-966330.16,0.0,0.0,-74327.83,25721.17,0.0,-458345.78,-3003.08,3421.14,0.0,-80584.69,-111855.8,0.0,-329570.94,0.0,-357366.72,0.0,0.0,-242511.33,0.0,0.0,20964.5,0.0,0.0,-1946684.34,-3198.54,35531.29,0.0,-34575.84,36604.76,0.0,0.0,0.0,-37603.31,0.0,-1066950.07,0.0,2232.0,-317774.91,0.0,0.0,-8140.0,0.0,55508.46,-323938.22,-103139.2,-33400.0,0.0,-39893.71,0.0,0.0,0.0,0.0,0.0,0.0,-70400.42,0.0,-185215.41,0.0,0.0,0.0,0.0,0.0
PB35,0.0,400.0,0.0,0.0,0.0,0.0,0.0,0.0,0.0,0.0,0.0,0.0,0.0,0.0,0.0,0.0,0.0,2076.0,0.0,0.0,0.0,-3217.3,0.0,0.0,0.0,0.0,0.0,0.0,0.0,0.0,0.0,0.0,0.0,0.0,0.0,0.0,0.0,0.0,250.762,0.0,211.65,0.0,0.0,0.0,0.0,0.0,0.0,0.0,0.0,0.0,0.0,0.0,0.0,0.0,0.0,2802.0,0.0,0.0,0.0,0.0,0.0,0.0,0.0,0.0,0.0,0.0,0.0,0.0,0.0,0.0,0.0,-8780.0,0.0,0.0,0.0,0.0,0.0,0.0,0.0,0.0,0.0,0.0,0.0,0.0,29183.0,0.0,0.0,0.0,0.0,0.0
PB36,0.0,0.0,0.0,0.0,0.0,0.0,0.0,0.0,0.0,0.0,0.0,0.0,0.0,0.0,0.0,0.0,0.0,0.0,0.0,0.0,0.0,0.0,0.0,0.0,0.0,0.0,0.0,0.0,0.0,0.0,0.0,0.0,0.0,0.0,0.0,0.0,0.0,0.0,590.0,0.0,0.0,0.0,0.0,0.0,0.0,0.0,0.0,0.0,0.0,0.0,0.0,0.0,0.0,0.0,0.0,0.0,0.0,0.0,0.0,0.0,0.0,0.0,0.0,0.0,0.0,0.0,0.0,0.0,0.0,0.0,0.0,0.0,0.0,0.0,0.0,0.0,0.0,0.0,0.0,0.0,0.0,0.0,0.0,0.0,0.0,0.0,0.0,0.0,0.0,0.0
PB37,0.0,0.0,-526463.09,-353943.6,0.0,-31496.93,7478.1492,0.0,0.0,0.0,0.0,-8526.14,0.0,-216912.37,0.0,0.0,0.0,16208.565,87131.312,0.0,0.0,133813.855,-29506.641,3811.84,0.0,-57309.982,0.0,90630.994,0.0,0.0,39038.236,0.0,556.68,42787.748,-11479.66,-41647.73,-125.52,-277057.58,0.0,0.0,193942.142,-33232.36,68371.814,0.0,0.0,-56525.688,0.0,0.0,1562.27,0.0,0.0,0.0,0.0,19298.51,175431.8656,-26811.392,61079.523,7698.81,0.0,0.0,13444.96,0.0,0.0,-317111.8,-17249.0,0.0,0.0,0.0,9488.308,0.0,-49326.86,-20180.839,97880.354,0.0,42237.25,-34415.2,-89.1,-13940.76,-7709.4085,2554.0,0.0,-349084.66,-4152.17,0.0,0.0,80750.887,-316965.6648,0.0,0.0,0.0
PB38,0.0,85600.0,0.0,0.0,0.0,0.0,0.0,0.0,0.0,0.0,0.0,0.0,0.0,0.0,0.0,0.0,0.0,-2986.0,0.0,0.0,0.0,0.0,-4605.94,0.0,0.0,0.0,0.0,245353.0,0.0,0.0,0.0,1459.26,0.0,-761.14,0.0,0.0,0.0,0.0,6590.0,0.0,-887.7,0.0,0.0,0.0,0.0,0.0,0.0,0.0,0.0,0.0,0.0,-16548.12,0.0,-1760.64,0.0,276.12,0.0,0.0,0.0,0.0,0.0,0.0,0.0,0.0,0.0,0.0,0.0,0.0,0.0,0.0,0.0,8037.07,0.0,-224.6,0.0,0.0,0.0,0.0,0.0,0.0,0.0,-24471.96,0.0,0.0,0.0,0.0,0.0,0.0,0.0,0.0
PB39,0.0,800.0,1529.34,0.0,0.0,0.0,0.0,0.0,0.0,0.0,0.0,0.0,0.0,0.0,0.0,0.0,0.0,0.0,0.0,0.0,0.0,0.0,0.0,0.0,0.0,0.0,0.0,0.0,0.0,0.0,0.0,0.0,0.0,0.0,0.0,0.0,0.0,0.0,-401.22,0.0,0.0,0.0,0.0,0.0,0.0,0.0,0.0,0.0,0.0,0.0,0.0,0.0,0.0,0.0,0.0,0.0,0.0,0.0,0.0,0.0,0.0,0.0,0.0,0.0,0.0,1416.0,0.0,0.0,0.0,0.0,0.0,0.0,0.0,0.0,0.0,0.0,0.0,0.0,0.0,0.0,0.0,0.0,0.0,0.0,0.0,0.0,0.0,0.0,0.0,0.0
PB40,0.0,8800.0,0.0,0.0,0.0,0.0,0.0,0.0,0.0,88830.0,0.0,0.0,0.0,0.0,0.0,0.0,0.0,0.0,-76609.65,0.0,0.0,-49250.0,0.0,0.0,0.0,0.0,0.0,-34717.83,0.0,0.0,0.0,148384.06,0.0,-128065.0,0.0,0.0,0.0,0.0,-24879.384,0.0,363600.13,0.0,6775.0,0.0,0.0,-160281.47,12720.0,0.0,0.0,0.0,0.0,442699.0,0.0,0.0,15212.4,-28755.0,2448.0,0.0,0.0,0.0,1092.0,0.0,156220.0,0.0,0.0,323312.5,0.0,0.0,0.0,0.0,0.0,-3320.0,21310.0,0.0,0.0,-29615.0,0.0,0.0,0.0,0.0,0.0,1761.06,0.0,0.0,0.0,0.0,0.0,0.0,0.0,0.0
PB41,0.0,227841.16,11090.1,74283.37,8399.37,224.6,37.1212,28.55,0.0,402.59,0.0,0.0,0.0,0.0,0.0,0.0,0.0,3529.7,-12175.44,-1414.68,-30.0,163.32,0.0,0.0,0.0,0.0,0.0,55249.37,0.0,0.0,17771.6,139.54,0.0,-97770.02,-14.81,0.0,0.0,192.74,147227.701,0.0,-670.62,110.08,23421.68,10.76,0.0,12358.04,30931.18,0.0,0.0,0.0,-1427.14,24984.25,0.0,-3.37,24274.955,16165.6,8.65,0.0,0.0,0.0,1753.72,0.0,-225342.5,3658.77,0.0,22700.13,0.0,0.0,402.18,504.8,337.84,13263.64,88.97,0.0,-668114.53,170.7,0.0,38.01,0.0,0.0,0.0,4277.9,-721.1,-1796.62,3911.17,5798.59,1738.9816,0.0,-5419.8,0.0
PB42,0.0,51858.93,0.0,607600.0,238614.34,211.8,-48536.1029,-21868.75,0.0,18044.95,0.0,0.0,0.0,0.0,0.0,0.0,0.0,-17353.0,-551718.13,0.0,0.0,57276.25,-10026.0,0.0,0.0,66370.0,0.0,-155795.47,0.0,0.0,-12982.33,-4950.64,0.0,-72002.53,12927.37,36150.0,0.0,-222408.24,65698.364,0.0,-291081.05,0.0,-294842.92,0.0,0.0,-138912.37,-83765.1,0.0,0.0,0.0,0.0,-1579844.38,-53898.0,-24106.5,-1745554.79,-620.07,10183.62,0.0,0.0,0.0,-6207.48,0.0,50610.7,0.0,8889.68,-722250.75,0.0,0.0,9116.32,-55208.07,-78728.15,129783.2,-32993.03,0.0,-214800.0,-40330.87,0.0,-20514.25,0.0,0.0,0.0,-823.1,-27486.83,0.0,-221270.96,-47.6,0.0,1619.65,0.0,0.0
PB43,0.0,571000.0,0.0,0.0,0.0,0.0,0.0,0.0,0.0,122.57,0.0,0.0,0.0,0.0,0.0,0.0,0.0,1170.95,60.7,0.0,0.0,94.32,0.0,0.0,0.0,-0.02,0.0,1553.32,0.0,0.0,87.11,2.06,0.0,806.61,19.33,0.0,0.0,82.6,8759.98,0.0,-6160.76,0.0,2364.48,0.0,0.0,287.87,2227.84,0.0,0.0,0.0,0.0,519.36,0.0,0.0,2302.0,2918.15,0.0,0.0,0.0,0.0,0.0,0.0,84.14,0.0,699.24,101.5,0.0,0.0,0.0,70.48,0.0,-226.98,114.06,0.0,0.0,46.56,0.0,0.0,0.0,0.0,0.0,0.0,0.0,0.0,143.4,0.0,0.0,0.0,0.0,0.0
PB44,0.0,0.0,0.0,0.0,107922.03,-67525.0,-41775.77,-46448.0,0.0,47129.75,0.0,0.0,0.0,0.0,0.0,0.0,0.0,-14036.0,63875.0,0.0,0.0,59072.5,-28422.0,0.0,0.0,0.0,0.0,-759912.5,0.0,0.0,-18471.5,11875.5,0.0,59939.5,-13555.0,0.0,0.0,-59880.0,16344.45,0.0,-275354.13,0.0,-45750.0,0.0,0.0,267307.35,-23744.67,0.0,-20964.5,0.0,0.0,-712946.11,0.0,0.0,-288920.0,-12080.0,4020.5,0.0,0.0,0.0,-6755.0,0.0,-206515.0,0.0,3390.0,-6694323.29,0.0,0.0,-2340.0,0.0,-59171.5,10873.5,7341.0,0.0,0.0,0.0,0.0,0.0,0.0,0.0,0.0,15220.0,18216.5,0.0,285472.58,305230.0,0.0,0.0,0.0,0.0
PB45,0.0,831600.0,0.0,0.0,0.0,0.0,3000.0,0.0,0.0,0.0,0.0,0.0,0.0,0.0,0.0,0.0,0.0,0.0,0.0,0.0,0.0,0.0,0.0,0.0,0.0,0.0,0.0,0.0,0.0,0.0,0.0,0.0,0.0,0.0,0.0,0.0,0.0,0.0,109100.0,0.0,0.0,0.0,0.0,0.0,0.0,0.0,0.0,0.0,0.0,0.0,0.0,0.0,0.0,0.0,0.0,0.0,0.0,0.0,0.0,0.0,0.0,0.0,10168.0,134880.0,0.0,0.0,0.0,0.0,0.0,0.0,0.0,0.0,0.0,0.0,0.0,0.0,0.0,0.0,0.0,0.0,0.0,0.0,0.0,0.0,0.0,0.0,0.0,0.0,0.0,0.0
PB46,0.0,0.0,0.0,0.0,0.0,0.0,-55590.4081,0.0,0.0,0.0,0.0,0.0,0.0,0.0,0.0,0.0,0.0,0.0,-38745.6,0.0,0.0,228.3,-46666.45,0.0,0.0,-237.0,0.0,-348138.51,0.0,0.0,0.0,0.0,0.0,-3382.27,0.0,-95117.85,0.0,0.0,-50981.25,0.0,-129129.0,7959.0,-419454.17,0.0,0.0,233.1,0.0,0.0,-33318.75,0.0,0.0,0.0,0.0,-175.6,0.0,-3421.07,-93737.4,0.0,0.0,0.0,0.0,0.0,0.0,0.0,0.0,0.0,0.0,0.0,0.0,0.0,-133.75,-11309.0,-77448.5,0.0,17830.0,-1268.4,0.0,0.0,0.0,0.0,0.0,0.0,0.0,0.0,0.0,0.0,0.0,0.0,0.0,0.0
PB47,0.0,0.0,36313.2,0.0,0.0,1052.95,-367.181,0.0,0.0,0.0,0.0,-91.18,0.0,0.0,0.0,0.0,0.0,164.715,1636.444,0.0,0.0,1614.94,-88.15,51.56,286.2,4797.212,0.0,32986.01,0.0,0.0,355.73,0.0,-376.17,820.89,43.01,1560.82,3101.56,1499.69,595.839,0.0,3030.4,5346.44,32250.591,0.0,0.0,54686.71,0.0,0.0,-305.36,0.0,0.0,0.0,0.0,-94.916,0.0,328.91,-306.293,1169.42,0.0,0.0,-92.92,0.0,0.0,0.0,-149.08,-10096.6,0.0,-31.53,-358.924,0.0,1893.27,1448.87,1787.74,0.0,66608.03,172.7,-200.201,623.53,4148.9495,488.11,0.0,49232.82,-84.79,0.0,0.0,3.76,9379.844,0.0,0.0,0.0
PB48,0.0,-566681.96,1791601.42,51424.59,-2403.75,45899.09,58191.2405,-73508.66,0.0,-109420.6165,0.0,0.0,0.0,0.0,0.0,0.0,0.0,-80428.28,-53395.16,0.0,0.0,423950.68,7597.45,0.0,0.0,-45021.61,0.0,-824587.6,0.0,0.0,-69108.29,-95557.39,0.0,62.05,783.88,41262.02,0.0,538941.54,-8805.344,0.0,-571377.22,0.0,-494618.8,0.0,0.0,-289593.81,128053.5,0.0,0.0,0.0,0.0,1748300.64,0.0,-22586.09,31075.5236,117523.41,-29170.19,457.4,0.0,0.0,20887.03,0.0,316218.85,0.0,0.0,-2698745.21,83014.932,0.0,-34033.51,-3699.71,215541.7,59685.76,34371.36,0.0,-9961.94,139275.02,0.0,0.0,0.0,0.0,0.0,680363.64,323.73,0.0,-237912.04,-7490.28,0.0,746.06,0.0,0.0
PB49,0.0,0.0,-4299.65,0.0,0.0,-56542.35,-12387.622,0.0,0.0,0.0,0.0,-20760.7,0.0,0.0,0.0,0.0,0.0,0.0,35623.462,0.0,0.0,-1965.1,0.0,-8.32,-429.5,0.0,0.0,21871.699,0.0,0.0,12197.926,0.0,0.0,1075.5,0.0,-2827.22,-73522.73,136147.37,16813.15,0.0,-782.251,-18127.07,0.0,0.0,0.0,12657.746,0.0,0.0,0.0,0.0,0.0,0.0,0.0,243.005,0.0,270.928,43.36,-76.95,-34064.0,0.0,420.3,0.0,0.0,0.0,-6448.75,0.0,0.0,9545.0,198.404,0.0,29788.444,-33446.058,22643.818,0.0,79451.7,-2003.32,-2104.659,953.625,0.0,0.0,0.0,0.0,0.0,0.0,0.0,1264.6,-7506.214,0.0,0.0,0.0
PB50,0.0,-1055704.9,0.0,0.0,0.0,0.0,29754.64,31257.24,0.0,911.5,0.0,0.0,0.0,0.0,0.0,0.0,0.0,69019.0,67755.0,0.0,0.0,-19500.0,12248.9,9997.5,0.0,8504.0,0.0,188753.0,0.0,0.0,8194.0,6745.5,0.0,-3130.25,11188.0,143660.0,0.0,-84434.5,327952.6,0.0,223241.0,0.0,231430.0,-1066.14,0.0,19720.0,12084.5,0.0,0.0,0.0,0.0,52469.8,-1512.0,3917.4,853862.0,25669.5,-5121.8,0.0,0.0,0.0,4095.0,0.0,87853.0,0.0,-6780.0,43388.25,53892.3,0.0,-12252.0,-7377.2,-1968.0,-9892.55,-14960.0,0.0,0.0,25674.0,0.0,0.0,0.0,0.0,-5442.0,1240.0,26672.5,103818.0,275493.35,0.0,0.0,0.0,0.0,0.0
PB51,0.0,0.0,-702370.0,0.0,0.0,0.0,0.0,0.0,0.0,-17362.5,0.0,0.0,0.0,0.0,0.0,0.0,0.0,-100767.5,236345.5,0.0,0.0,113049.0,-4987.5,0.0,0.0,0.0,0.0,207313.0,0.0,0.0,-1798.35,0.0,0.0,4725.0,0.0,99775.0,0.0,15470.0,4729.3,0.0,-112798.5,0.0,234460.0,0.0,0.0,421018.75,0.0,0.0,0.0,0.0,0.0,777750.0,-12198.0,26309.75,0.0,17318.0,42010.0,0.0,0.0,0.0,510.0,0.0,40350.0,0.0,0.0,369012.5,0.0,0.0,0.0,0.0,-19945.0,-55319.0,209965.0,0.0,0.0,0.0,0.0,21627.0,0.0,0.0,0.0,0.0,0.0,0.0,7289.9,-11445.0,0.0,0.0,0.0,0.0
PB52,0.0,0.0,0.0,0.0,0.0,0.0,0.0,0.0,0.0,0.0,0.0,0.0,0.0,0.0,0.0,0.0,0.0,0.0,0.0,0.0,0.0,0.0,0.0,0.0,0.0,0.0,0.0,0.0,0.0,0.0,0.0,0.0,0.0,0.0,0.0,0.0,0.0,0.0,-10.0,0.0,0.0,0.0,0.0,0.0,0.0,0.0,0.0,0.0,0.0,0.0,0.0,0.0,0.0,0.0,0.0,0.0,0.0,0.0,0.0,0.0,0.0,0.0,0.0,0.0,0.0,0.0,0.0,0.0,0.0,0.0,0.0,0.0,0.0,0.0,0.0,0.0,0.0,0.0,0.0,0.0,0.0,0.0,0.0,0.0,0.0,0.0,0.0,0.0,0.0,0.0
PB53,0.0,0.0,0.0,0.0,0.0,0.0,97835.8478,0.0,0.0,0.0,0.0,0.0,0.0,0.0,0.0,0.0,0.0,121029.75,-291619.98,0.0,0.0,-526440.5,31417.43,0.0,0.0,-67066.32,0.0,717862.52,0.0,0.0,-100704.69,0.0,0.0,47645.12,-36461.89,203379.82,0.0,0.0,-1710.478,0.0,-116552.62,0.0,418111.22,0.0,0.0,215622.0,0.0,0.0,61542.39,0.0,0.0,0.0,0.0,10065.66,0.0,-112064.56,77723.09,0.0,0.0,0.0,-102286.63,0.0,0.0,0.0,0.0,0.0,0.0,0.0,33059.71,0.0,-5337.35,-9086.69,-461519.35,63.98,-184122.19,-80875.04,0.0,10081.04,0.0,0.0,0.0,-492894.72,0.0,0.0,0.0,269739.1,-88528.2594,0.0,0.0,0.0
PB54,0.0,0.0,-853829.59,0.0,0.0,0.0,0.0,0.0,0.0,0.0,0.0,0.0,0.0,0.0,0.0,0.0,0.0,0.0,0.0,0.0,0.0,0.0,0.0,0.0,0.0,0.0,0.0,0.0,0.0,0.0,0.0,0.0,0.0,0.0,0.0,0.0,0.0,0.0,0.0,0.0,0.0,0.0,0.0,0.0,0.0,0.0,0.0,0.0,0.0,0.0,0.0,0.0,0.0,0.0,0.0,0.0,0.0,0.0,0.0,0.0,0.0,0.0,0.0,0.0,0.0,0.0,0.0,0.0,0.0,0.0,0.0,0.0,0.0,0.0,0.0,0.0,0.0,0.0,0.0,0.0,0.0,0.0,0.0,0.0,0.0,0.0,0.0,0.0,0.0,0.0
PB55,0.0,0.0,1643.1,0.0,0.0,3643.6,379.7209,0.0,0.0,0.0,0.0,0.0,0.0,0.0,0.0,0.0,0.0,2200.0,879.15,0.0,0.0,-362.88,49552.7,0.0,0.0,1099.09,0.0,121285.55,0.0,0.0,-30.09,0.0,0.0,27773.5,134.62,1363.5,39913.6,508.04,-27.92,0.0,178965.33,24100.65,62236.35,0.0,0.0,792.2,0.0,0.0,44.73,0.0,0.0,0.0,0.0,3055.65,0.0,36909.59,-435.88,0.0,0.0,0.0,-3.46,0.0,0.0,0.0,0.0,0.0,0.0,0.0,59.96,0.0,1562.22,775.6,16571.57,0.0,348875.1,1149.06,0.0,0.0,0.0,0.0,0.0,237842.25,0.0,0.0,0.0,210643.68,0.0,0.0,0.0,0.0
PB56,0.0,105879.93,1248483.07,-298823.13,-68817.21,15068.28,-11539.7076,11951.94,0.0,-113844.2074,16439.43,24054.01,54.82,0.0,-805.93,0.0,-5563.48,-32232.4,-19586.03,-11.1,100.0,409107.105,207153.92,-60.65,-570.2,-19394.72,-1384.03,95348.0,0.0,-1403.1675,41911.368,-31956.8,134.02,335791.367,-14384.16,593893.43,6883.8,638819.86,-484776.581,3269.6,-443062.465,0.0,-474681.33,3152.05,-10775.17,308215.73,-105804.74,901.0,-15235.92,0.0,-1103.99,-1018567.32,-928.41,-33054.2,-1572952.2783,-89283.263,10430.02,0.0,34064.0,-944.2,-34165.4,0.0,226397.15,-7261.78,-6285.0,87483.55,0.0,0.0,15557.55,59201.7,-63030.968,-203865.745,151149.89,2214.67,-556349.49,-28411.786,0.0,5710.314,1883.78,0.0,419.31,481966.75,19027.43,14176.26,-452374.31,-151872.55,-59275.3082,-302.05,0.0,11790.0
PB57,0.0,467193.96,0.0,142046.06,13975.3,277.6,1851.0748,-4088.59,0.0,1033.9,0.0,0.0,0.0,0.0,0.0,0.0,0.0,-53496.9,3939.48,4376.5,0.0,4630.27,0.0,0.0,0.0,0.0,0.0,11276.46,0.0,0.0,0.0,-7348.93,0.0,1271.55,0.0,761.34,0.0,3358.68,45369.101,0.0,11366.78,0.0,71155.45,0.0,0.0,4260.0,0.0,3436.0,0.0,0.0,39534.12,8040.38,0.0,0.0,0.0,744.92,-462.56,0.0,0.0,0.0,34.38,0.0,-951.52,18034.85,0.0,202670.93,0.0,0.0,1620.7,1277.52,-39.13,1047.3,-517.84,406.0,0.0,951.32,0.0,0.0,0.0,0.0,0.0,-725.79,0.0,0.0,-3238.77,-7046.0,16175.43,0.0,0.0,0.0
PB58,0.0,-200.0,0.0,0.0,0.0,0.0,0.0,0.0,0.0,0.0,0.0,0.0,0.0,0.0,0.0,0.0,0.0,0.0,0.0,0.0,0.0,0.0,0.0,0.0,0.0,0.0,0.0,0.0,0.0,0.0,0.0,0.0,0.0,0.0,0.0,0.0,0.0,0.0,-170.0,0.0,0.0,0.0,0.0,0.0,0.0,0.0,0.0,0.0,0.0,0.0,0.0,0.0,0.0,0.0,0.0,0.0,0.0,0.0,0.0,0.0,0.0,0.0,0.0,0.0,0.0,0.0,0.0,0.0,0.0,0.0,0.0,0.0,0.0,0.0,0.0,0.0,0.0,0.0,0.0,0.0,0.0,0.0,0.0,0.0,0.0,0.0,0.0,0.0,0.0,0.0
PB59,0.0,658400.0,0.0,19256.0,-4643.98,0.0,-8509.86,36994.5,0.0,-9170.5,0.0,0.0,0.0,0.0,0.0,0.0,-29317.0,93484.0,-29570.6,0.0,240.0,29790.0,-77294.84,-9997.5,0.0,14821.0,0.0,66550.2,0.0,0.0,-73263.0,-16009.72,0.0,14794.5,-7024.0,7760.0,0.0,174384.0,319739.304,0.0,153983.9,0.0,-380.0,-56550.0,0.0,-82655.0,4903.7,0.0,0.0,0.0,0.0,-535530.03,-65796.09,0.0,35106.0,-42276.77,-9778.52,0.0,0.0,0.0,-10288.12,0.0,749522.2,-345674.79,0.0,220938.54,-69454.0,0.0,-17011.0,1529.48,25062.0,-6009.7,35645.0,0.0,487600.0,-17712.0,0.0,0.0,0.0,0.0,-41646.0,-409428.04,-6540.0,-33888.0,12211.44,0.0,0.0,0.0,0.0,0.0
PB60,3081.87,-7310.21,-2062955.82,-861909.67,-25266.28,17796.47,-18129.4574,-41672.83,0.0,3237.44,-20563.34,0.0,0.0,-71278.73,0.0,0.0,4864.15,47963.44,5957.315,-28491.23,0.0,-70272.45,-5749.844,0.0,0.0,0.0,-9029.86,332097.156,-2522.2298,87.3725,-7577.619,29292.5,0.0,82725.933,-210.98,-7693.68,0.0,13868.5,1745.771,0.0,23328.774,0.0,-10332.465,-76128.91,6236.26,-88508.827,-18466.14,-5733.78,0.0,0.0,-110739.94,-70750.94,11354.37,3504.711,144441.9417,-12075.891,24465.08,0.0,0.0,-52.0,19703.37,-21349.85,201327.79,-105465.55,-864.0,-187660.47,-15138.7262,0.0,4011.252,-140062.45,5214.703,118828.581,-36170.032,4497.16,323.3,-52463.684,0.0,1191.38,0.0,0.0,647.08,2405.29,-4913.49,-6968.89,79390.73,19195.493,-175990.4874,-11106.59,-807.35,-8636.25
PB61,0.0,-46212.0,2450.0,0.0,0.0,67525.0,0.0,0.0,0.0,6842.0052,0.0,0.0,0.0,0.0,0.0,0.0,0.0,-6600.0,-257250.8,0.0,0.0,63400.0,-185000.7,0.0,0.0,0.0,0.0,-49569.6,0.0,0.0,10875.0,37700.0,0.0,-376362.14,0.0,0.0,0.0,-1135446.43,30870.7,0.0,-430895.45,-8197.5,-117900.0,0.0,0.0,-256927.5,0.0,0.0,0.0,0.0,0.0,-15195.0,0.0,30570.15,-669276.964,24314.53,-30260.13,0.0,0.0,0.0,0.0,0.0,12625.0,0.0,8311.9,-579670.6,0.0,0.0,10085.0,-2478.78,-91847.3,-50441.23,0.0,0.0,466156.3,37444.02,0.0,0.0,0.0,0.0,0.0,-595805.94,0.0,0.0,-99399.07,-635.1,0.0,0.0,0.0,0.0
PB62,0.0,0.0,0.0,0.0,0.0,0.0,0.0,0.0,0.0,0.0,0.0,0.0,0.0,0.0,0.0,0.0,0.0,0.0,0.0,0.0,0.0,0.0,0.0,0.0,0.0,0.0,0.0,0.0,0.0,0.0,0.0,0.0,0.0,0.0,0.0,0.0,0.0,0.0,50.0,0.0,0.0,0.0,0.0,0.0,0.0,0.0,0.0,0.0,0.0,0.0,0.0,0.0,0.0,0.0,0.0,0.0,0.0,0.0,0.0,0.0,0.0,0.0,0.0,0.0,0.0,0.0,0.0,0.0,0.0,0.0,0.0,0.0,0.0,0.0,0.0,0.0,0.0,0.0,0.0,0.0,0.0,0.0,0.0,0.0,0.0,0.0,0.0,0.0,0.0,0.0
PB63,0.0,600.0,0.0,0.0,0.0,0.0,0.0,0.0,0.0,0.0,0.0,0.0,0.0,0.0,0.0,0.0,0.0,0.0,0.0,0.0,0.0,0.0,0.0,0.0,0.0,0.0,0.0,0.0,0.0,0.0,0.0,0.0,0.0,0.0,0.0,0.0,0.0,0.0,0.0,0.0,0.0,0.0,0.0,0.0,0.0,0.0,0.0,0.0,0.0,0.0,0.0,0.0,0.0,0.0,0.0,0.0,0.0,0.0,0.0,0.0,0.0,0.0,0.0,0.0,0.0,0.0,0.0,0.0,0.0,0.0,0.0,0.0,0.0,0.0,0.0,0.0,0.0,0.0,0.0,0.0,0.0,0.0,0.0,0.0,0.0,0.0,0.0,0.0,0.0,0.0
PB64,0.0,0.0,0.0,0.0,0.0,0.0,48332.6882,0.0,0.0,0.0,0.0,0.0,0.0,0.0,0.0,0.0,0.0,52901.83,333333.64,0.0,0.0,3793.24,0.0,0.0,0.0,0.0,0.0,-805957.27,0.0,0.0,56974.65,0.0,0.0,-1938.88,0.0,0.0,0.0,278081.8,-1863.449,0.0,-69126.68,0.0,366250.26,0.0,0.0,-309252.97,0.0,0.0,0.0,0.0,0.0,0.0,0.0,0.0,0.0,5649.12,0.0,0.0,0.0,0.0,8917.41,0.0,0.0,0.0,0.0,48120.0,0.0,0.0,0.0,0.0,0.0,103805.82,87987.82,0.0,0.0,0.0,0.0,0.0,0.0,0.0,0.0,0.0,4383.08,0.0,0.0,0.0,0.0,0.0,0.0,0.0
PB65,13180.34,737022.733,-620898.52,-7027073.29,-353600.57,-45690.57,14027.9923,8132.36,0.0,-117251.6809,-127525.2,-6140.57,7761.36,-2272035.74,6458.48,-33.2928,-19261.1,186586.78,261906.8,-166692.5,-29.031,-543170.59,-64044.53,-3815.48,24767.0,-6242.82,12746.85,162695.108,37961.1906,-43661.665,-29916.6,-333891.52,3091.35,133842.53,41924.13,7566.33,-5369.57,-342239.63,-2442.043,-3269.6,63889.73,7596.63,-275547.85,-334224.98,-14671.93,93783.51,-2538.36,-226044.57,-2952.92,3618.0,-364628.66,-6031959.15,26900.26,-53354.89,-3924976.8401,28612.51,37726.23,-2049.84,6789.65,3818.38,33416.28,72685.08,-354051.63,-1909220.71,14732.39,2675823.4,87150.174,9523.43,-21205.86,-311540.45,20779.291,-65287.927,6619.68,-19826.55,-19390.17,82823.21,2879.14,-4652.99,-19464.136,-451.7,-15339.25,-36275.8,18874.54,690.09,1055292.12,-7701.33,-723962.0152,23387.33,-113376.96,111519.25
PB66,7636.95,85737.845,48048.3,1312913.8,41323.49,81.85,-61.0893,63097.69,0.0,70241.28,13490.66,0.0,-30.17,624760.97,0.0,0.0,-236.34,647.39,194.07,6645.68,0.0,2011.37,44.87,0.0,-1835.1,-70.06,148.95,1287.46,472.8184,338.6475,-161.67,41992.7,0.0,1928.51,1.91,-336.48,0.0,23.55,183.983,0.0,1378.07,0.0,1159.94,32635.27,-30.22,24.15,14744.6,22239.47,0.0,0.0,82824.42,1128818.45,1569.65,0.0,509083.2637,-95.3,24.25,0.0,0.0,-23.04,1.93,11219.7,53681.2,179600.91,-299.3,688850.45,20743.2676,0.0,0.0,82380.04,552.17,482.77,0.02,269.72,-1212.76,111.92,0.0,0.0,353.787,0.0,0.0,-1568.55,2450.46,-285.04,19424.77,1055.1,393.2706,5098.94,1116.53,-3935.97
PB67,0.0,1172.5,0.0,5000.0,0.0,0.0,387.28,-158.8,0.0,-223.55,3476.89,0.0,0.0,5039.5,0.0,0.0,0.0,0.0,0.0,0.0,0.0,0.0,0.0,0.0,0.0,0.0,0.0,-2036.48,0.0,0.0,0.0,0.0,0.0,0.0,0.0,0.0,0.0,0.0,-180.0,0.0,-20.4,0.0,0.0,0.0,0.0,0.0,0.0,0.0,0.0,0.0,0.0,143271.6,0.0,0.0,-4511.25,0.0,0.0,0.0,0.0,0.0,0.0,0.0,-339.1,-2248.0,0.0,5543.6,0.0,0.0,0.0,127.4,0.0,0.0,0.0,20.8,0.0,0.0,0.0,0.0,0.0,0.0,0.0,0.0,0.0,0.0,405.1,0.0,0.0,0.0,3919.6,0.0
PB68,0.0,-6173.78,0.0,0.0,0.0,-6840.0,0.0,0.0,0.0,-44995.85,0.0,0.0,0.0,0.0,0.0,0.0,0.0,-28558.88,44602.5,0.0,0.0,113103.8,0.0,0.0,0.0,0.0,0.0,120275.0,0.0,0.0,62104.0,29960.0,0.0,168764.9,0.0,-43900.0,0.0,0.0,-6672.25,0.0,72618.59,0.0,9485.0,0.0,0.0,35284.0,15198.0,0.0,0.0,0.0,0.0,74000.0,0.0,-6657.0,0.0,-9784.08,18250.7,0.0,0.0,0.0,-5551.8,0.0,48356.0,0.0,0.0,7228.0,0.0,0.0,0.0,0.0,-22589.0,43182.5,31700.0,0.0,0.0,10863.0,0.0,0.0,0.0,0.0,0.0,0.0,0.0,0.0,11120.0,22120.0,0.0,0.0,0.0,0.0
PB69,0.0,0.0,-20047.0,0.0,0.0,0.0,7.3336,0.0,0.0,0.0,0.0,0.0,0.0,0.0,0.0,0.0,0.0,0.0,0.0,0.0,0.0,0.0,-4686.3,0.0,0.0,0.0,0.0,0.0,0.0,0.0,0.0,0.0,0.0,0.0,0.0,0.0,0.0,0.0,0.0,0.0,0.0,0.0,0.0,0.0,0.0,0.0,0.0,0.0,0.0,0.0,0.0,0.0,0.0,0.0,0.0,-1535.2,5037.51,0.0,0.0,0.0,34.2,0.0,0.0,0.0,0.0,0.0,0.0,0.0,0.0,0.0,0.0,0.0,0.0,0.0,0.0,0.0,0.0,0.0,0.0,0.0,0.0,0.0,0.0,0.0,0.0,0.0,0.0,0.0,0.0,0.0
PB70,0.0,194800.0,0.0,0.0,0.0,0.0,0.0,0.0,0.0,0.0,0.0,0.0,0.0,0.0,0.0,0.0,0.0,0.0,0.0,0.0,0.0,0.0,0.0,0.0,0.0,0.0,0.0,0.0,0.0,0.0,0.0,0.0,0.0,0.0,0.0,0.0,0.0,0.0,17950.0,0.0,0.0,0.0,0.0,0.0,0.0,0.0,0.0,0.0,0.0,0.0,0.0,0.0,0.0,0.0,0.0,0.0,0.0,0.0,0.0,0.0,0.0,0.0,0.0,0.0,0.0,0.0,0.0,0.0,0.0,0.0,0.0,0.0,0.0,0.0,0.0,0.0,0.0,0.0,0.0,0.0,0.0,0.0,0.0,0.0,0.0,0.0,0.0,0.0,0.0,0.0
PB71,0.0,0.0,0.0,0.0,0.0,0.0,577.6755,83.2,0.0,0.0,0.0,-302.2,0.0,0.0,0.0,0.0,0.0,0.0,11.8,0.0,0.0,0.0,0.0,0.0,0.0,0.0,0.0,3548.65,0.0,0.0,0.0,0.0,0.0,793.0,511.4,0.0,0.0,0.0,0.0,0.0,-469.5,0.0,-87.3,0.0,0.0,0.0,0.0,0.0,0.0,0.0,0.0,0.0,0.0,153.15,542.997,1631.28,-552.24,0.0,0.0,0.0,198.0,0.0,0.0,0.0,0.0,434734.7,0.0,0.0,-162.8,0.0,0.0,2631.84,-1134.07,0.0,0.0,0.0,0.0,0.0,0.0,0.0,0.0,0.0,0.0,0.0,2011.1,0.0,0.0,0.0,0.0,0.0
PB72,0.0,0.0,0.0,-67974.3,-11961.4,0.0,-466.0956,-8553.74,0.0,12265.0636,0.0,0.0,0.0,0.0,0.0,0.0,-1597.09,-333.89,-9128.0,0.0,0.0,-2796.18,0.0,0.0,0.0,0.0,0.0,-25497.62,0.0,-165.3,-264.04,34553.94,0.0,-4838.52,-280.16,0.0,0.0,-635.44,-50.0,0.0,-6392.97,0.0,-16318.5,0.0,0.0,-13260.56,19906.82,0.0,0.0,0.0,0.0,134456.49,29202.8,0.0,-8.032,-53.32,0.0,0.0,0.0,0.0,-128.25,0.0,127025.56,0.0,0.0,-239270.77,0.0,0.0,0.0,0.0,0.0,-4282.64,-637.56,-1421.98,0.0,-298.29,0.0,0.0,0.0,0.0,-120.9,0.0,0.0,0.0,115980.5,0.0,0.0,0.0,0.0,0.0
PB73,0.0,-374767.0,0.0,10320.0,26795.0,132554.0,149534.37,63429.0,0.0,7381.31,-1523.8,21399.5,0.0,0.0,0.0,0.0,29317.0,148226.5,485869.5,81133.56,0.0,26980.0,57461.5,0.0,0.0,1021.36,0.0,2031469.0,0.0,0.0,64654.5,-63059.86,36651.08,131006.5,26997.5,51072.5,23592.0,0.0,32389.868,0.0,401506.7,27428.4,748524.95,44072.12,17980.0,303436.5,-10410.0,0.0,-19529.2,0.0,4680.15,706124.95,26173.0,50553.9,902034.44,41233.0,17596.0,0.0,0.0,0.0,76579.0,0.0,-4085.0,0.0,-16506.0,1520397.42,91753.2,0.0,21456.0,-2335.78,12114.5,142574.0,85353.5,31853.6,-149426.75,89341.36,4725.3,77526.0,18556.4,0.0,0.0,152847.0,650.0,0.0,202326.5,-67717.1,0.0,15644.5,23806.83,101624.3
PB74,0.0,-50397.5,129700.0,0.0,0.0,0.0,0.0,-41460.0,0.0,91793.5,0.0,936.0,0.0,0.0,0.0,0.0,0.0,38221.5,-166915.5,0.0,0.0,360860.0,20255.15,0.0,0.0,12220.0,0.0,-1131483.89,0.0,0.0,0.0,88502.0,0.0,138705.3,11487.5,-669621.0,0.0,-67154.0,-69099.712,0.0,87294.0,0.0,41130.0,0.0,0.0,-251904.0,0.0,0.0,0.0,0.0,0.0,223482.35,0.0,-10169.75,0.0,-6281.0,-30353.71,0.0,0.0,0.0,22142.3,0.0,86005.0,0.0,0.0,-245259.0,0.0,0.0,-1170.0,0.0,24037.5,60474.45,-37566.93,684.0,0.0,108.0,0.0,-9012.0,0.0,0.0,47088.0,-13405.0,0.0,-25796.38,-74561.0,17352.5,0.0,0.0,0.0,0.0
